pairId,distanceKm,durationMin,source,notes
00114d987eea5ee1,53.1,,gsheet,
006b72e37489f745,13.7,,,
0081802e04b2f73b,7.4,,gsheet,
009a8237eff02ade,13.8,,gsheet,
00cfda314956820e,27.1,,gsheet,
0158eff515fc4801,5.5,,gsheet,
01934aaf475dba86,1.8,,gsheet,
01cda2f7323d3c53,0.4,,,
01dad87696454301,4.8,,,
01de90515233d362,18.1,,gsheet,
01f563ab51d2f2a3,1,,,
029d7eafbe75c59f,0.7,,gsheet,
0327aa6e3d3ace9c,12.9,,,
032eef49db3a902f,0.6,,gsheet,
0333dd962515cba0,1.7,,,
039b00a4e010e82d,25.1,,,
03eaf53f06f39c5b,3.3,,,
03f55da3d316bbf1,12.8,,gsheet,
042f1de24ac5856c,7.3,,,
0435e510f35a64a1,39.1,,gsheet,
044a3a08b6d8ad65,1.2,,gsheet,
0465d5aeed908394,8.7,,gsheet,
0489835b359943dc,45.5,,gsheet,
04a21d0ded75b1f1,78.8,,gsheet,
04aac63f7fae7d85,1,,,
04b90fbf9c387f70,10.5,,,
053b2cf03097bd92,1.1,,gsheet,
063f552c4a110ad3,3.8,,,
0676c686e0bc07be,4.9,,,
06bdfae1788b754c,4,,,
06bfc626b0e36d99,21.3,,gsheet,
06ddbe30f2c5e4dd,0.9,,gsheet,
070beedb8ca3467c,2.8,,gsheet,
073c34e9eb55fbc6,0.007,,gsheet,
07c0c66e4c5e41ae,7.3,,gsheet,
081d621cf399cccc,18.3,,gsheet,
087f8c12646a828c,4.5,,gsheet,
089a2bda0c755218,87.9,,gsheet,
092eccdafdb8e98c,1.8,,gsheet,
0a18cc5f2a0eb178,5.5,,,
0ad3e4e6500b8f70,1.1,,gsheet,
0b4eab9bd08dcf6b,0.001,,gsheet,
0b85f68363ddfdb7,0.7,,gsheet,
0c45afebdb6975e9,128.0,,gsheet,
0c4e74b93b64a60a,34.8,,gsheet,
0c5eb346eab5a07a,3.1,,gsheet,
0c8acf872c29dd77,12.2,,gsheet,
0ccc9f6520094275,54.2,,gsheet,
0d1cd7c3bbbfb4cf,4.7,,gsheet,
0d4de270ada97623,6.0,,gsheet,
0dac824b3ff6a9c0,40.8,,,
0db2e43f3a612de5,13.0,,gsheet,
0dd202e23b82d6e9,37.2,,,
0e4fa038c82ecb8b,3.4,,,
0e5cb925eb7c9f19,16.2,,gsheet,
0ea8cd5926b71f24,3.5,,,
0ecc9c2edc586da4,11.2,,,
0f0a1bea09cde0df,3.7,,,
0f9a0179b5fa433f,12.4,,gsheet,
101931a26d56fc54,21.6,,,
101a9536badc2d11,0.7,,,
109103666d98defc,0.001,,gsheet,
10a514cc087f5f53,1.1,,gsheet,
110f1fb994552ff9,10.3,,,
114540d5112b02a3,10.8,,gsheet,
11dbb408f945ffe6,2.6,,gsheet,
11e573bdb299f149,1.9,,,
12c4bcf3f8db38dd,5.2,,,
12d7498df2a1c448,0.9,,gsheet,
12eb331f2729dec7,4.0,,gsheet,
1468d9606fef7f4f,7.1,,,
147ba61352e59bfb,238,,,
14be047d65124306,15.6,,,
15464b4c60522e27,5.6,,gsheet,
159990b121c2d9b1,71.4,,gsheet,
15d776d5ba17e39a,1,,,
15e27d6554f58e2b,0.3,,,
16334d1a7a4450ad,10.2,,gsheet,
16790f0ef7a85cb3,10.4,,gsheet,
169c604611cc0848,0.005,,gsheet,
16cac77f280dbff6,1.4,,,
16d01b8c74223c86,75.9,,gsheet,
16e8e3e8c4f67dfa,2,,,
1717b2b3fcf7177e,6.3,,gsheet,
175fca5a5f572b34,0.8,,gsheet,
178eaebf22ad71bf,2.9,,gsheet,
17c409a947c59afe,28.4,,gsheet,
17d4610460205797,0.2,,gsheet,
17e13895fb34192b,95.4,,gsheet,
185e9c014586f315,1.5,,gsheet,
18b60e63ed8356c8,3.1,,gsheet,
19130912d9ef89bd,0.9,,gsheet,
192a94785cc31c3c,166,,,
197d4acf794f430b,3.0,,gsheet,
1980f7a73eb34b89,7.4,,,
19aaf06c09fe85cf,6,,,
19dfa0c3d537a5f6,15.0,,gsheet,
19dfeb7df022d926,0.033,,gsheet,
1a31d2ee4420ab1a,51.9,,gsheet,
1ac02e98b7d2f7f6,40.7,,,
1af12163ac7999f3,40.3,,gsheet,
1b2fc18a9000c6bc,0.006,,gsheet,
1b3f23f88fa9bb6f,0.053,,gsheet,
1b5e984b386ce0ed,49.0,,gsheet,
1b62b5bf61ae00ec,9.3,,,
1c57e193e3770b60,0.2,,,
1c690e49984f49d5,25.1,,,
1c895b669305116b,61.2,,gsheet,
1cc664f35e22dbfe,14.3,,gsheet,
1d5ede0ca29497c6,12.8,,gsheet,
1d6ba6fa09b5bc8c,20.1,,gsheet,
1dca9243b66ab41e,11.6,,gsheet,
1dd5cdda6ae0babe,22.2,,gsheet,
1ddec538d601c80e,0.3,,gsheet,
1e1419e2efe2c62d,20.2,,gsheet,
1e34ed6c806f2c1a,89.5,,,
1e93a66cf14fb0a1,16.2,,gsheet,
1e9ca72c9bd2b62a,13.2,,gsheet,
1ee734d59fe32bdc,2.6,,gsheet,
1f5c5b67fedd668f,25.4,,,
1f6a45ef4b85ba97,4.8,,gsheet,
1f6cca890005cdcb,16.2,,,
1fce5efe6bc791e7,4.8,,gsheet,
1fdfa20dfdf736cc,11.0,,gsheet,
1fe7217b618d5523,5.9,,,
200d9d7cc624b2f8,13.6,,gsheet,
2035ca86afe82a57,4.0,,gsheet,
2087087a722dfceb,1.7,,gsheet,
211014a509b0d9bd,74,,,
216692b04721511e,0.6,,gsheet,
21997da817a637b2,1.5,,gsheet,
2209fb0efe999def,55.5,,gsheet,
228a5319b81900e5,71.8,,gsheet,
229bde285fada292,0.002,,gsheet,
22c1328368c92767,66.8,,gsheet,
22c4954d9dc26a6c,1.9,,,
22c83e1c07b9db9b,0.03,,gsheet,
234615fd3b46f420,3.1,,gsheet,
23d451209d84f52c,13.8,,gsheet,
23e9ab088798fcc9,61.1,,,
242b2d836c075aa5,0.4,,gsheet,
24ba8eac1a95334a,18.6,,gsheet,
24c9076d28e3fb77,1.4,,,
25354022531a7998,0.5,,gsheet,
25453f17a5d53bf6,2.6,,gsheet,
25506a679c0a2864,76.0,,gsheet,
2557c396b264610b,1.5,,gsheet,
25b11ae7cb3af093,14.0,,gsheet,
25e783ef858d77f9,7.4,,gsheet,
268084397118f056,3.7,,gsheet,
268a89084a609668,0.1,,gsheet,
27021abc7e271c7b,0.3,,,
27bdb7503612dde8,7.3,,gsheet,
27cbbcba392b12de,51.9,,gsheet,
28385925937abff2,5.8,,gsheet,
2839bf99948e8ef4,7.4,,,
28ec16af342b1250,59.6,,gsheet,
2991a9345b89acd5,19.0,,gsheet,
299420eec8475c4d,8.2,,gsheet,
2a563816e6b24de9,15.0,,gsheet,
2ab0199d2aed2340,0.001,,gsheet,
2b2f76b323f96a43,1.3,,gsheet,
2b78f87cfba32ff0,70,,,
2b864d884cc46226,2.4,,gsheet,
2b898c4d7361f817,1.1,,,
2b9e308e4b08f1e4,3.8,,gsheet,
2bfba7ee802572cb,1.1,,,
2c104118a78608b0,6.6,,gsheet,
2c16e1a5bd920ef9,0.5,,gsheet,
2cfbfa06ed9d6ff6,1,,,
2da6e9ff28a8fa84,61.1,,gsheet,
2e0cc36f1bb72a7c,14.5,,gsheet,
2e0df12ef00e414a,3.2,,gsheet,
2e3432c2f23fec54,4.8,,gsheet,
2e9cd69c0a6860f5,9.0,,gsheet,
2ecf976f652307e3,1.0,,gsheet,
2f1d22f995b50042,3.7,,gsheet,
2f537a80a010baa4,2.9,,gsheet,
2f5d5ec2244a82c0,0.9,,gsheet,
2f5e797738473c0e,0.007,,gsheet,
2f804179eb452e96,97.1,,gsheet,
30022c3eb62b29bf,1.5,,gsheet,
300b5674e1bd5dfa,0.6,,,
300d3ad520438c66,9.0,,gsheet,
301ad157f910d491,5.5,,gsheet,
306b1d7055a9c9d3,26,,,
30dc38c87a7eb362,1.6,,gsheet,
313acecaae4376e1,33.4,,gsheet,
314ab91b87574db9,27.8,,gsheet,
31926cb1c5519eb9,0.9,,gsheet,
32320f070a92c392,2.5,,gsheet,
323442d9e3aa1b3c,2.5,,,
33c39f3ed666bbb3,10.3,,gsheet,
33cc9e3e16d3de1d,0.001,,gsheet,
33e1961575099486,0.006,,gsheet,
33f1673083fe354c,48.3,,gsheet,
348d5bac7c27e6c1,24.2,,gsheet,
348e6bb2e6dd15cb,2.4,,gsheet,
34a6cf26e254edbc,25.8,,gsheet,
34b34b5a01a61c31,27.8,,gsheet,
3501b94543c04806,5.1,,gsheet,
353aa417914f6eb6,12.0,,gsheet,
35406a20adf6748e,10.0,,gsheet,
354f5e83ad2bbb21,5.5,,gsheet,
35bd24d81c08d6cb,1.4,,gsheet,
35fe34353921959e,0.4,,gsheet,
3663f066528d61e9,0.001,,gsheet,
36a44d110a9732e5,10.5,,gsheet,
3706a1cf61396d52,6.4,,gsheet,
375df94d33b42c37,2.0,,gsheet,
3788ffd859d63e83,0.3,,gsheet,
3799623f48307e48,49.5,,gsheet,
37c2294eae2ecc4c,5.2,,,
381bc0d4c200c849,22.9,,gsheet,
3828b8d774361144,3.5,,gsheet,
38d6725065617f97,2.6,,gsheet,
39329580dff693f1,0.2,,gsheet,
39ceadbd10784258,10,,,
39de794c438c0330,0.003,,gsheet,
3a22e21495269fad,61.1,,,
3accb9164098cdf3,38.1,,gsheet,
3ae4a13a11031b93,1.1,,,
3b2a167387832168,0.002,,gsheet,
3bdf06392f116846,0.2,,gsheet,
3c0d7113e9885842,3.6,,gsheet,
3c303436223ad50e,7.7,,,
3c581e7610eddd2d,80.0,,gsheet,
3c749d55aa0a5926,0.002,,gsheet,
3cbc61ad38f3192f,1.9,,gsheet,
3cdf23390e869fcd,33.8,,,
3d143df8610b7704,4.1,,,
3d7f0c9df22b20f3,2.3,,gsheet,
3d7f9bf35def4208,111.0,,gsheet,
3d9c7b1d5fa6e2ab,0.001,,gsheet,
3dafa891926ad736,13.9,,,
3e28c1dee92f95ef,79.0,,gsheet,
3e2bc6d6c0c897a2,3.2,,,
3e45af76dcdccbe1,54.3,,,
3e462966e2729fc1,10.9,,,
3e75b1fdb5d9c6e0,0.007,,gsheet,
3e8f5927068b213d,11.9,,,
3ef5332da6c6ae86,33.2,,,
3f1f4b3efeaf6472,60.4,,gsheet,
3f52c5765ea32647,4.9,,,
3f67a8424490bd85,11.1,,gsheet,
3f6a8b3fdfe7518a,0.7,,gsheet,
3fb3125aa751758f,5.9,,gsheet,
3ff996cbb52ede2c,1.1,,gsheet,
408d068cc1864019,22.9,,gsheet,
410206c59ecb8e59,2.6,,,
41be6c11a1f47cd5,22.0,,gsheet,
42015d79335b935e,53.3,,gsheet,
424f93498cacc730,74.5,,gsheet,
428eb86f753ccfb3,19.8,,gsheet,
42b2400074583efa,0.6,,,
42d87503aa04af63,0.026,,gsheet,
43185b331a113b9b,12.1,,gsheet,
4326f05c75fa8856,36.4,,gsheet,
437b85d4723b8dfa,6.9,,,
43c2d4086ebfd541,2.1,,gsheet,
43f7e40e3ab83906,59.4,,,
43faecba52f092a7,1.6,,gsheet,
44381badac639d49,12.1,,gsheet,
44d2b1bab7667715,0.7,,,
44d8928ef5ebdda3,2.8,,gsheet,
45b0988e3ad5548f,0.001,,gsheet,
45e8caacca780dc2,23.6,,,
4608d95c14261b6a,0.011,,gsheet,
461d44d3f5925fc3,6.3,,gsheet,
464dcc26e4b4fc51,2.5,,,
467c8c3f288d35ad,4.7,,gsheet,
46dfc9a7808776a4,11.3,,gsheet,
471aee57ef584995,51.1,,gsheet,
4767a8c8bf6b10bc,15.1,,gsheet,
47a51caacca7f299,58.0,,gsheet,
47f699be7644e94e,1,,,
4806a9f871b09a5f,5.1,,,
4838a8f25b64704b,1.8,,gsheet,
48afedd7ffaf21bb,14.7,,gsheet,
48b468c8e7097eec,9.5,,gsheet,
48cb339d9031baa7,4.1,,,
48cc8e420352629c,12.7,,gsheet,
48e217cd014def03,3.4,,gsheet,
4940510202edb04a,14.6,,,
49f9b15fd89b2658,3.0,,gsheet,
4a1630e29352f84a,0.2,,gsheet,
4a9b14c92db52b47,1.4,,gsheet,
4abf582102406c2c,43.9,,gsheet,
4ae9e07304c0fdb9,5.4,,gsheet,
4af61428c24eb9e3,4.1,,gsheet,
4b2aff9b1f76e77c,3.6,,,
4b36e09afeec83de,24.4,,,
4b4df613e241a258,19.6,,gsheet,
4b77e6c7783fdb2f,2.4,,gsheet,
4b7b749fcbcb10c7,107.0,,gsheet,
4babfb11f9ba06de,6.6,,gsheet,
4c50ff78c5448fd7,6.1,,,
4c56a250376ec3a3,0.9,,gsheet,
4cbd36e867ac846e,79.2,,gsheet,
4d07d7a1ae289d7c,4.8,,gsheet,
4d1cddadad3e9a1d,12.9,,gsheet,
4d2be72ab5f73eb1,92.6,,gsheet,
4d4acde4a13691a5,1.9,,gsheet,
4e4918f629122061,0.4,,gsheet,
4e66ba651fdc9ce3,4.0,,gsheet,
4e7fc2c67b30954b,5.7,,gsheet,
4f1588aa39dc9fd7,36.4,,gsheet,
4f445be91a31db14,1,,,
4f7038fbe5b9ab22,10.3,,gsheet,
4fc5468460f031dd,32.7,,,
4febd68903defacb,103.0,,gsheet,
50f873cc83b463f9,16.2,,gsheet,
512771de4aabe07d,0.7,,,
519736c374c6e8f8,14.0,,gsheet,
51c8add56b5b7409,0.001,,gsheet,
51cbe8a394bcc30c,8.5,,gsheet,
52250910fba6a4ca,97.0,,gsheet,
5267e095b522fb54,3.2,,,
52731710880be261,1.1,,,
527cda050057cf5f,45.4,,,
52dcb06d84358351,45.6,,,
52f354e90df83f64,7.3,,gsheet,
53002595ff5fb97c,0.3,,,
53598547ec5fffe5,33.4,,gsheet,
53c8180e757c5165,12.5,,gsheet,
53e044a7f8496d11,14.3,,gsheet,
542197bd5f23364c,5.5,,gsheet,
5435c11018e886b7,141.0,,gsheet,
544ac247864208a0,1.6,,gsheet,
54a143fd66870430,26.0,,gsheet,
54e6cc8c4f16935e,2.8,,,
54eb60485b4a8fe6,11.9,,,
552b1c420d077fe5,7.1,,gsheet,
556e0bdc369aca24,0.001,,gsheet,
55d71a591885ec30,6.0,,gsheet,
560548a15eee565e,12.2,,gsheet,
560ab0bb44db3180,1.8,,,
5642938b1520f96d,4.5,,gsheet,
56444a5ed44fce6b,7.3,,,
566c45de1c31129d,3.6,,,
56a585e16e0e367e,1.2,,,
573992735603c913,1.4,,gsheet,
576d935c98818bd1,9.4,,,
57d9b81ac94f2fbc,48.7,,gsheet,
57dad5f4428f7478,0.001,,gsheet,
583af6dd3434bc99,18.4,,gsheet,
589ff04d7f12dd23,19.3,,gsheet,
58bf47cd12ded826,25.2,,gsheet,
58e9868dfbf767d5,7.4,,gsheet,
5968357f808a64b7,98.4,,gsheet,
596a36323c18e14f,0.007,,gsheet,
59c881568c3df841,45.8,,gsheet,
5a2a10a2f86b7889,19.4,,gsheet,
5a3efc607151be37,3.4,,gsheet,
5b0d5e3d2c56ea0b,4.0,,gsheet,
5b7e5efa59df511e,16.3,,gsheet,
5c00b1671b69f635,22.1,,gsheet,
5c07fab6d5d015e8,9.2,,gsheet,
5c5af4f6b4a721ae,6.2,,gsheet,
5c5ca883000e80fd,84.4,,gsheet,
5c76b4a82395de9a,34.5,,gsheet,
5cd10258f13bf58e,6.4,,,
5ce7fb5d7a51cba4,0.5,,gsheet,
5d8ca06a552f1a06,70.9,,gsheet,
5deb7f2d172e5638,31.4,,,
5e1e668adf4fa6b1,64.7,,gsheet,
5e295e766abd25b5,101.0,,gsheet,
5e78a9e8f543c25e,45.6,,,
5ee27ad58d72bbab,0.9,,,
5f2571799838dd5e,7.7,,gsheet,
5f365e8af8db6877,2.4,,,
5f4457d263a5f3d2,4.3,,,
5f49fc7b9b552a5e,0.002,,gsheet,
5fda76913c05d7c3,0.011,,gsheet,
60588658350e183a,11,,,
60d896746dadfc01,39.7,,,
60de38da3108849c,14.6,,gsheet,
60f19386957cf5a2,3.2,,,
618ee543b749a8f9,2,,,
61e59d802734343e,0.6,,gsheet,
622427237aed3a7e,0.5,,,
62b5eb2c9144a539,152.0,,gsheet,
62cfb78e955eb16b,0.003,,gsheet,
63fc00020cd55f47,1.2,,gsheet,
64bff25531598625,13.7,,,
64c0be5d55c98b52,6,,,
6504db692aa93a32,17.6,,,
6512fde6f54ca196,12.1,,,
655bb51ee389c742,68.1,,gsheet,
656fcfae2ad765a2,1.9,,gsheet,
6574b7939a4ef8bc,14.7,,gsheet,
6596e63ef4852fa6,64.9,,gsheet,
659bd7b306160ca4,0.2,,gsheet,
65a020449774de00,1.1,,gsheet,
65f7790f02a8f360,23.6,,,
669756316f5bedf0,8.6,,gsheet,
66cf8c46e6194c1e,2.0,,gsheet,
670ce1ab4ba5cf77,4.9,,gsheet,
6736dd86e3032d90,14.3,,gsheet,
676ab5d43932db46,0.038,,gsheet,
678f473220a29c4a,1.1,,gsheet,
6791b4b0b27647eb,10,,,
68026744d51f3952,29,,,
684dbb837b749181,2.4,,gsheet,
68500a159929b259,22.4,,gsheet,
6858e0c24b599e11,11.9,,gsheet,
689189719f876fb4,0.2,,gsheet,
68ee451d1dc5b421,1.1,,gsheet,
6a02397d6dee69dc,8,,,
6a994a8afcb6f10e,9.8,,gsheet,
6b50e2c691df4b6b,5.9,,gsheet,
6b9702e30b69c432,17.9,,gsheet,
6bbc155f4980e114,12.3,,gsheet,
6c31f036f2966119,14.3,,gsheet,
6d6b4fab2a35ea62,201.0,,gsheet,
6da4eca00d36665e,0.001,,gsheet,
6daf193abc8006fe,2,,,
6dccc845e755debb,0.3,,gsheet,
6e0e241b9f0f2140,1.1,,gsheet,
6e2b4ed6f941ea54,92.4,,gsheet,
6e2ca3d3a2b5bd30,18.8,,gsheet,
6f3002ff0414b0c4,0.033,,gsheet,
6f3cf85e64feecac,0.3,,gsheet,
6fa30f620a2d01e4,12.3,,gsheet,
7.02331E+15,1.5,,gsheet,
707d8004c89c62c9,14.4,,gsheet,
70e46fb94d8095c5,1.9,,gsheet,
70ec5527169d2e44,50.0,,gsheet,
7106544df4f7ec89,1.6,,,
71b02a1319c5f0d5,1.3,,gsheet,
71b589130551686c,3.3,,gsheet,
721cb077fa0a5c29,3.3,,,
72287753fdf36d7c,0.001,,gsheet,
7241d26c69f351a1,15.8,,gsheet,
728fa9187cad82f4,0.006,,gsheet,
7297c2357da13ff9,23.3,,gsheet,
72fe6de219fa7ad2,5.2,,gsheet,
7358db3481014951,3.0,,gsheet,
739068b18a2f44e1,0.1,,gsheet,
73e2c2c42e7b3d0e,61.1,,,
74655a613c8f5b73,103.0,,gsheet,
746a66950b884236,0.9,,gsheet,
74c1fb6c2e09ae72,55,,,
751cd4c88fb382ba,11.4,,gsheet,
753698a31cd3893a,81.6,,,
75600c9f7bbbb4c3,2.0,,gsheet,
75aa3624475936a0,13.8,,,
75c2b9ae12be807d,5.8,,gsheet,
75d4f31112994311,1,,,
75d8111a3c33f872,0.6,,gsheet,
76818b4785c615d8,8.9,,gsheet,
76d2930ab0fa644b,40.4,,gsheet,
7711086162ce2864,24.1,,,
78b32654b9bfaa7f,0.5,,gsheet,
78fc2009e4f32b37,50.2,,gsheet,
7971143e53e4440f,64.2,,gsheet,
79bf125e58977e3e,0.008,,gsheet,
7a3b1355c519f068,0.1,,gsheet,
7a82bdca9ec4a140,77,,,
7aa1e977e1d847f9,2.9,,gsheet,
7ad2c4bbaef9efca,7.8,,gsheet,
7b2d98b2e7f8a8f6,64,,,
7b30e99993fe504a,166,,,
7b4809c85c4de10d,35.7,,gsheet,
7b6130c2c2eaae9c,67.3,,gsheet,
7b8da98a5862d43b,0.9,,,
7be084b23dde871f,0.001,,gsheet,
7d07af5ef8709ec5,6.4,,gsheet,
7da79a0b49daf59e,7.9,,,
7dbe0e1621dfe76d,1.4,,,
7dcc86f96187e016,11.8,,,
7ddaeef641bf1472,12,,,
7e7ec5490c566371,3.5,,gsheet,
7f1a17249ff6b560,1.4,,,
7f57c6cc8ed57aa3,7.9,,gsheet,
7f7a364f2497fe58,1.1,,,
7f81823519b3a72b,9.5,,gsheet,
7fb5f066a96b2738,2.6,,,
803b9525fd43e17a,33.4,,gsheet,
8043e417676786e1,16.4,,gsheet,
80516c34b463454e,0.4,,,
8085f4f325ecf968,4.3,,,
80ad7193012f01ec,3.8,,,
80e407b05467dbe9,1.4,,gsheet,
8100ab651e2af028,6.7,,gsheet,
811458b8e31f3c7e,0.003,,gsheet,
811525d5b6172071,8.3,,gsheet,
818612f4f43adc3f,5.0,,gsheet,
81ddbc66378da74f,0.8,,gsheet,
82ab473596c91ef4,0.001,,gsheet,
82d40e8c1b051868,1.4,,gsheet,
831e1b817e2b1e25,61.2,,gsheet,
8326a0e3bf14bc5a,0.3,,gsheet,
83901afabcc30484,9.7,,gsheet,
83d80a24b5a6c8a8,2.8,,gsheet,
8411d9888054d19b,0.8,,,
842770d586f0881a,129.0,,gsheet,
847fea9e9bebe945,18.5,,gsheet,
84d8ec15a31a8c7f,88.3,,,
84db6306e1d73338,5.4,,gsheet,
84f1b948b4a32d8d,3.3,,gsheet,
8563e4151c93109a,10.8,,gsheet,
860d46a7415abd0e,1.3,,gsheet,
8664a9dbeae66957,0.002,,gsheet,
866fdba372779efa,71.1,,gsheet,
867e351cf9e0ab2d,1.2,,gsheet,
86bac28fff9c020c,12.4,,,
86bc1e25c77e72db,23.0,,gsheet,
86f722d152de61ff,45.8,,gsheet,
871f9d459acfc7a0,4.8,,,
8758ce2be9265cf1,0.001,,gsheet,
8765769ee2cde410,0.003,,gsheet,
87b5ccae9cfd6b56,5,,,
87cfba4afd8019c2,0.5,,,
8813b35ba5e4d9a8,3,,,
889011f01015dfc3,4.0,,gsheet,
88985e25358268a0,579.0,,gsheet,
88c693e914222870,0.4,,,
88cbc889bc5d6181,17.3,,gsheet,
88dfe0941ccbd033,5.7,,gsheet,
88e82e8518cacc60,8.0,,gsheet,
892dabcc0c515761,11,,,
899f2ee7f403019f,4.3,,gsheet,
8a341e8fec949b43,0.2,,gsheet,
8a3a6048ee546d9e,0.006,,gsheet,
8a475f23cb45a648,11.5,,gsheet,
8a761cf4116fa738,60.5,,gsheet,
8ad6bf0765ed5039,1.7,,,
8b8be0e5c3642a72,0.8,,gsheet,
8c0feb984c89671e,10.1,,,
8c4f2094696ce309,12.3,,gsheet,
8c68d421338ec267,73,,,
8c71a167fda7777d,33.4,,gsheet,
8cb14d867bb4b9cd,0.043,,gsheet,
8d990d340a3b6ef2,14.6,,gsheet,
8da559746b47b89b,5.7,,gsheet,
8dedbc7bd7178cfd,4.4,,gsheet,
8dfd2e0788d588f0,8.2,,gsheet,
8e107ffe7db950a8,0.002,,gsheet,
8e792cc152ef4240,0.5,,gsheet,
8ec1876598bd4dfc,0.5,,gsheet,
90724ed9e13866b7,4.2,,gsheet,
909008ea0a82f5b4,4.8,,,
90f17294e1bb057f,1,,,
9108ec54f466727e,1.3,,gsheet,
916739490811ff9c,0.8,,gsheet,
916e8974fb9020cd,10.1,,gsheet,
919c05b6e09c8f68,15.9,,gsheet,
91ce83b3335ad3f1,1,,,
929563819490d705,3.1,,gsheet,
9295992136239d47,5.1,,gsheet,
92c29c6817c86478,1.6,,,
92c50a8a9f1dec10,17.4,,,
9352d968b724ee83,97.0,,gsheet,
945ebdb52ebabf88,7.4,,gsheet,
94a971d218eb8821,113,,,
94ada38385ae5d4b,8.6,,gsheet,
94d3ea0d05459435,7.3,,gsheet,
9537bd1d022de5be,6.6,,gsheet,
95442cc83da92e2c,6.0,,gsheet,
95db8a96d207395f,7.9,,gsheet,
95e40978ab7c1926,2,,,
9616294d9b383aa7,49.9,,gsheet,
968a03a4cf0e667f,19.9,,gsheet,
968e09bafb572d68,3.3,,,
96b3e5f952ee7010,0.4,,gsheet,
96e2e0c5a6f4302a,0.7,,gsheet,
97be2b4e546f528a,14.2,,gsheet,
97d35dc3d7ccdaf0,3.6,,gsheet,
980d25324ad66980,6.3,,gsheet,
981033d5466c87f4,34.4,,gsheet,
98151457459943b7,0.003,,gsheet,
9838d97528ea51a1,6.3,,,
984f8f197fc52d11,1.1,,gsheet,
9857c10c69e14a2b,1,,,
98b480708749f0e8,0.9,,gsheet,
98db0becd7891086,0.01,,gsheet,
98e8857cfcdc1807,1.6,,gsheet,
98f4c9bcc6a7f505,3.4,,gsheet,
992aa50e0f2d0226,9,,,
995fd2e206f67f02,8.1,,gsheet,
99ab64a0977d457e,66.4,,gsheet,
99ce9a3600bc13ee,4.7,,gsheet,
9a42fa3f1d0d9cba,6.3,,gsheet,
9a9f8224f329129a,0.006,,gsheet,
9ada8cf278d47e5d,11.3,,gsheet,
9adde1fecccdd36b,61.1,,gsheet,
9afc3a064c120c58,0.004,,gsheet,
9b51331f0baa9297,8.2,,,
9b886bd984036cd6,15.0,,gsheet,
9b983c363cb148c9,1.4,,gsheet,
9bc7084f6765bf17,5.1,,gsheet,
9bd977f6f56075fc,50.3,,gsheet,
9bf6be397d800055,4.5,,gsheet,
9ce3e25f373804f6,3.3,,gsheet,
9d67baadf3ffd8de,9.7,,gsheet,
9d76c73ebde1b5c5,61.0,,gsheet,
9e10282ebb7b07f9,23,,,
9e6abd8310752101,6.4,,gsheet,
9e87993d170671b5,0.3,,gsheet,
9e88e1d4d0dcecce,4.2,,gsheet,
9e945299cee5ca57,5.3,,,
9ebaffc4e05ed064,1.5,,,
9f3d8a78b0deaa63,61.2,,gsheet,
9f5f254ac03016eb,1.2,,,
9f628382c06c0b44,0.011,,gsheet,
9f633322b8834818,12.8,,gsheet,
9fcdf21095e890de,5.3,,gsheet,
9fd9785bdfc3463b,12.4,,,
9fe69e147c65ef6b,116,,,
a025a057e690edb4,4.5,,gsheet,
a0287c32ff28dac6,2.6,,gsheet,
a07636d95c03bffe,2.0,,gsheet,
a0d95d623bfcf0c1,15.9,,gsheet,
a11a2cf4bfb7beaa,22.1,,gsheet,
a1854ed80184c2c3,1.2,,gsheet,
a1fc90854b4f3a18,13.8,,gsheet,
a2299c3d643d9a83,69.8,,gsheet,
a28e88cb50902a23,8.7,,gsheet,
a28e920499fb05f8,4.2,,gsheet,
a2c237815ce6c46e,0.5,,gsheet,
a2d8bca684239b43,128.0,,gsheet,
a3053b9ea454ab48,5.7,,gsheet,
a3103526c17b85f2,4.7,,gsheet,
a3232b714f20cb82,1.2,,gsheet,
a3259c74da7b840e,5.5,,gsheet,
a3bbd53bec38aaed,6,,,
a3c369ec8f89c12a,321.0,,gsheet,
a3c9dd72d306af67,0.001,,gsheet,
a41dce340d15db07,4.9,,gsheet,
a4594bdcf15119e8,11.7,,,
a4a5dfbd88efb868,1.5,,gsheet,
a4eb01b93b2cd85b,27.4,,gsheet,
a52d7d0788553057,7.3,,gsheet,
a53afa0650ea86a8,1.4,,,
a57580bf96480329,1.0,,gsheet,
a5e7d7156a0d7fd5,1.3,,gsheet,
a5edb835f5121ed4,10.1,,gsheet,
a61c5a797cf20c3b,3.0,,gsheet,
a629d80757fa98a8,0.1,,gsheet,
a62e9feb84be270a,2.9,,gsheet,
a72e068375860b5d,8.6,,gsheet,
a7b4a2d8ac494e11,2.1,,gsheet,
a7ba1f97d01259bb,43.2,,gsheet,
a7d4c538617dc684,13.4,,gsheet,
a81964dc8a2276ca,69.3,,gsheet,
a86177667df9169e,88.1,,gsheet,
a86a0ed74ac62047,9.9,,gsheet,
a87a48765a55320a,13.5,,gsheet,
a9528a1051cd96d5,12.4,,,
a9674fae5731670e,5.9,,gsheet,
a9687cf10664840c,11.9,,gsheet,
a96b87dd932fe302,45.2,,gsheet,
a985ec77c255c7cf,2,,,
aa04632857753890,5.5,,,
aa3b311e66a2f06c,6.1,,gsheet,
ab0a9c43660595bb,18.2,,gsheet,
ab0d8026ae080e6c,34.8,,gsheet,
ab333c7c278ca83b,5.3,,gsheet,
abc94a5e138fb6da,4.9,,gsheet,
ad4171423aa82ee9,19,,,
ad45adee9f57828a,6.1,,gsheet,
addb7851817c48b4,72.8,,gsheet,
adee4cde7753484f,2.1,,gsheet,
ae36219abac96931,5,,,
ae4e8499ebe94456,31.7,,gsheet,
ae9f0c8c59b71c66,0.5,,gsheet,
aeb2f6d44f3aaa0a,54.4,,,
af740d0e4a6cc99c,5.8,,gsheet,
b0c940b828e20f54,1.2,,,
b113abc1f5cfe27b,0.5,,,
b11a7659de134bca,17.6,,gsheet,
b1388c076622e1c5,29.9,,,
b138f3b5faac3e7d,1.3,,gsheet,
b1462972272cbd41,5.0,,gsheet,
b1c6bc5f52e6584a,14.8,,gsheet,
b247bba0c4b09734,21.8,,gsheet,
b34f1a900be45952,3.1,,gsheet,
b35c763e68d38800,3.8,,gsheet,
b37caf0e514e6ba0,1,,,
b39f7ac174e965c4,0.9,,gsheet,
b45025798ea02b44,5.8,,gsheet,
b499fb9be139fa21,9.5,,,
b4f275962d162d87,8.7,,gsheet,
b583d8d4d5c3df09,3.7,,gsheet,
b58786b22e7451f0,7.0,,gsheet,
b5a888527aa56e9c,7.7,,gsheet,
b6c4eef91b27ad78,1.3,,,
b7c4e55f4fc0c905,5.2,,gsheet,
b80f3633e6871693,12.4,,gsheet,
b83154c50ae4199e,11.7,,gsheet,
b839c641ccc962be,0.3,,,
b86389b958b8e1c5,7.1,,gsheet,
b8b5a68b31a5bdcb,1.8,,,
b913e496b4a6a0a4,78.2,,gsheet,
b92e1d60c603bda5,50.1,,gsheet,
b94749020e3b3be2,10.2,,gsheet,
b9ee366a7688737d,41.6,,gsheet,
ba557bb91aad4277,2.5,,gsheet,
ba60a43fa2eeeb12,83.4,,gsheet,
ba738af7e0093c5e,2.6,,,
bb6edde89f6fa2d8,6.5,,gsheet,
bbaa061891cd542e,29.6,,,
bbf3efc79992bb35,0.1,,gsheet,
bc8a1a25bb05fc54,0.001,,gsheet,
bc8e0492e7f254d7,1.4,,,
bd1500b841fee316,10.1,,gsheet,
bd25021948e8013e,0.9,,,
bd9444e53e880170,90.5,,gsheet,
be03462fd0d6a077,17.9,,gsheet,
be4679cb2785af47,154.0,,gsheet,
be5cf170f7db95a0,43.6,,gsheet,
be79e0b93c967a4c,1.5,,,
be85f8078f6d2822,0.8,,,
beaeedfde948c73f,0.6,,gsheet,
bed30597ace2388d,0.6,,gsheet,
bfa9e05c62814818,0.005,,gsheet,
c0338af8451b3f51,9.7,,gsheet,
c068dbf043d13377,7.2,,gsheet,
c087f5787af1bfc1,0.1,,,
c0bcc1b219c31495,0.8,,gsheet,
c0c35a3eb16702b3,86.1,,gsheet,
c0e4ab28e3be26eb,4.2,,gsheet,
c11b3e01addecf33,26.1,,gsheet,
c14efc990504face,3.1,,gsheet,
c22d0250189d7eca,7.8,,gsheet,
c246d00a1dcc2e01,2.5,,gsheet,
c2b654c8c43a2970,61.3,,gsheet,
c31a6a046aaa3cd1,79.7,,gsheet,
c32e31bb41647a92,1.4,,gsheet,
c3f6b319808e0523,102.0,,gsheet,
c400d5ff2af48c21,0.3,,,
c41ca777bd3c656b,69.5,,gsheet,
c506b6e645680545,0.5,,gsheet,
c6b9e8e7b6d77533,54.4,,gsheet,
c6c1cfa0d29f00fc,3.8,,,
c72117b44c29076a,18.4,,gsheet,
c79031719dc71afb,9,,,
c799675966182d7f,0.001,,gsheet,
c7d16bedb7d2e644,2.6,,gsheet,
c7d840cc5ee84a85,8.4,,gsheet,
c80032dde001140d,10,,,
c84655425b8f76f3,0.6,,gsheet,
c868837e3483a835,2.5,,gsheet,
c89dcc6eac67d746,49.6,,gsheet,
c8bbb889d4e6870c,4.2,,,
c8c842ab49717781,37.7,,gsheet,
c8d88326bbea50d0,1.0,,gsheet,
c91bf25baaa1372d,1.9,,gsheet,
c9dcbc53e2040c24,8.6,,,
ca54917ef44e57c4,7.0,,gsheet,
ca6a24dd6fdd0151,23.0,,gsheet,
ca81c88516749b01,0.9,,gsheet,
cab325e08a1e0fd3,0.064,,gsheet,
cac20a438dcb747b,14.2,,gsheet,
cb737dab769a94bc,8.4,,gsheet,
cbad4b159296b9c8,25.2,,gsheet,
cbdda89a114e4167,3.7,,gsheet,
cca1ae5d912a98da,7.2,,gsheet,
ccd20a2633747c70,1.9,,gsheet,
cd05261f8bb8e1e7,0.001,,gsheet,
cd58b7c268d5af07,1.3,,gsheet,
cd99d884ecd69953,8.7,,gsheet,
ce1ff584b99b5eca,0.5,,,
ce24295ab5241c97,0.001,,gsheet,
ce2c56ea36d97f59,10.2,,gsheet,
ce3417d17af05b7b,8.8,,gsheet,
ce76b4078b1092b1,5.5,,,
cefc509fe5809324,50.0,,gsheet,
cf7780d8c0c664a4,2.7,,gsheet,
cff550e634d3c6de,0.9,,gsheet,
d02e9e26010fc4d3,0.3,,gsheet,
d04b2e93a4e2b737,8.4,,gsheet,
d0a31a2443356702,14.8,,gsheet,
d0cdb077bb03e875,0.001,,gsheet,
d0d32bbd8639cf10,5.5,,gsheet,
d11eb29eb5404755,16.7,,gsheet,
d139895a2ee6e651,11,,,
d253832a7828693f,162.0,,gsheet,
d2718138c52f2aa1,59.3,,gsheet,
d2aca3fb3ba81f29,0.8,,,
d309d5db05d5b14b,10.1,,gsheet,
d326063c2c18e47e,1.0,,gsheet,
d328cb078238db04,0.008,,gsheet,
d357a23fe255e23a,0.086,,gsheet,
d3676504a4c728ce,3.8,,gsheet,
d3b96aa833d68edb,9.2,,gsheet,
d5d2997442871b4f,21.4,,,
d6a170de51f7813c,43.7,,gsheet,
d6c11550ba2fdbe0,6.7,,gsheet,
d6fffa23d269ea64,83,,,
d747a1655a686fe4,1.8,,,
d79c9df7ce0e8c63,0.5,,,
d7bb3db87ae5cf9c,1.1,,,
d7eafc1e5c1acd8d,5.8,,,
d80dcdbd16cf24e8,0.07,,gsheet,
d89fc8e194378d8e,28.8,,,
d8e11e7d825e66fe,13.5,,gsheet,
d91a9d15398d2e6c,5.6,,gsheet,
d9855ad0fab68e9f,3.4,,,
d9d9fdbde4d94e46,6.7,,gsheet,
da3d23d642d11479,30.3,,gsheet,
da5a6ccbc9cd56bb,0.3,,gsheet,
da699960cea34900,8.6,,gsheet,
daa11825343439f5,0.1,,gsheet,
db0d33404e223f09,1.1,,gsheet,
dbb6b1d96add9587,2.0,,gsheet,
dc0d67b3206ce51e,4.6,,,
dc141b4b34ad8d67,3.8,,,
dc7dd2f1d56803f9,5,,,
dcb87600d58bc1c6,57.3,,gsheet,
dd44a3c777c09604,25.2,,gsheet,
ddebc68ccf940c87,17.4,,,
de64d4516e0d67bc,1.4,,gsheet,
deb3009a1adae489,23.5,,gsheet,
df095af3f4b32233,6.2,,gsheet,
df41df914d788044,50.2,,,
df9a2b6d5a200456,28.6,,gsheet,
e0219aa4840797a6,3.4,,gsheet,
e050f50a420a7e1b,45.7,,gsheet,
e075d2351116506c,12.4,,gsheet,
e096e38df6a15b3c,5.1,,,
e101e007ae262e88,0.6,,gsheet,
e162ab41cd05d7fa,0.6,,,
e1c89509c0e16518,1.6,,gsheet,
e203ddd7803f57f8,5.4,,gsheet,
e2543ed247f16fd1,7.3,,gsheet,
e25c3249089b2d6d,39.3,,,
e2815e5c9cb56b1c,1.2,,gsheet,
e2bb974bde210b46,0.1,,gsheet,
e32ff8dcf1ad0dfe,12.2,,gsheet,
e35403325cb8a768,9.4,,,
e3c977d604b430ae,7.8,,gsheet,
e3df306a984b2326,30.4,,gsheet,
e3dfedae35ecbf35,161.0,,gsheet,
e4b413fb0bc3e628,7.5,,gsheet,
e4fd36622eb39c77,7.3,,gsheet,
e5016b3dc3b242e4,4.6,,gsheet,
e50a25da7deb5dcf,6.5,,gsheet,
e5158ef29f43b7bb,10.6,,gsheet,
e5480fe92ab7f56b,0.5,,,
e5f8a0dfbd325779,1.9,,gsheet,
e64240def91e4253,2.4,,gsheet,
e69670a1b59958ef,0.006,,gsheet,
e6ee7b526613f6ee,0.003,,gsheet,
e6fc271ee39f1129,4.9,,,
e7029e0d838a2c40,2.7,,,
e70d1a2654d55f13,4,,,
e7534dd94dc28672,0.9,,,
e8427608e018252f,7.3,,gsheet,
e8ae3951e4b97242,11,,,
e8df72a402ffaf5a,4.7,,gsheet,
e95a8008592f903b,7.3,,gsheet,
e9d416c45ec366b0,60.8,,gsheet,
ea6b99c0e0b2be97,65.1,,gsheet,
eaacdf67dda3a88f,1.6,,gsheet,
eb0b6aac2cd66bcd,10.1,,gsheet,
eb16e0d2aeadee68,0.002,,gsheet,
eb3632c1d7f331d3,0.2,,gsheet,
ec5e448ab58846d2,1.1,,gsheet,
ec84032272294999,3.3,,gsheet,
ec8f39462808dccd,10.3,,gsheet,
ecc514c4b72dc185,54.4,,gsheet,
ece9060dc612325b,1.8,,gsheet,
ed3131ab8c826d5d,11.7,,gsheet,
ed8d8c7f093dfe48,2.5,,gsheet,
edaf6c4182848d71,0.4,,gsheet,
edbb0fad3274f5c0,0.002,,gsheet,
ee015768d32ea340,23.0,,gsheet,
ee0e2a2f635b7aa7,31.1,,gsheet,
ee32334ae77412dd,0.1,,gsheet,
eeb4a98c59d23518,6.2,,gsheet,
eeba52a5877cf0c7,8.4,,gsheet,
eed48f15fbac56d9,1.1,,gsheet,
eee55a25994ae688,326,,,
ef0975425111ffed,63.5,,gsheet,
ef19fcfb5fd06e2f,1,,,
ef34f50a082b33ea,3.1,,,
f05f12c5cdc15f66,0.3,,gsheet,
f11121d45db1ff90,44.0,,gsheet,
f14230bf57b821a0,0.001,,gsheet,
f158b44f728ad540,21.5,,,
f1de7c17b7e1dc41,0.7,,gsheet,
f2535d3efa5e39b4,9.4,,gsheet,
f25f9ebc06a54ca7,10.0,,gsheet,
f2f39f25e1733d10,11.8,,,
f2f4e21957e82d86,6.2,,,
f30ba84d32936e09,0.006,,gsheet,
f30f72611b40a56d,5.3,,gsheet,
f3997a29a8da188b,21.4,,gsheet,
f3cabc7240e41be0,96.5,,gsheet,
f3e199f67671b6f7,2,,,
f4367cade462708b,9.8,,gsheet,
f4a02ab9d4a61349,1.2,,gsheet,
f4a22817462aa766,0.002,,gsheet,
f4b29feb554fea57,12.6,,gsheet,
f4d6e7b1e8407100,2.2,,gsheet,
f56a6ddde624854d,0.4,,gsheet,
f576746603ae9984,0.3,,,
f5f82b22d8fe6128,5.8,,gsheet,
f663e1f04319407f,87.3,,,
f66aa33d9bd9219e,11.0,,gsheet,
f6873ae8a3c15c25,0.8,,gsheet,
f6ba3015e3408457,66.0,,gsheet,
f6fe81620d4d8864,10.9,,gsheet,
f75230aaa70f8172,5.7,,,
f7b85e0801fc1ba9,61.1,,gsheet,
f7b984de66ade390,13.8,,gsheet,
f7bbd299d190bc51,18.2,,gsheet,
f80fd3c1286400ca,31.6,,gsheet,
f84fa1bd2c8c28a0,5.2,,gsheet,
f85d41e8cec15bba,21.2,,gsheet,
f86afbe54aeb5c1c,580.0,,gsheet,
f8804251d31eba2b,22.1,,gsheet,
f96e702515b26712,4.4,,,
f9c25aa1f9017e34,4.5,,gsheet,
f9c33b477bec1812,12.1,,gsheet,
fa62fb1e48a3d5af,0.001,,gsheet,
fab7e70eddc690aa,0.2,,gsheet,
fb2bae74456ac7cf,4.4,,gsheet,
fb7bfde68f4e1229,23.6,,gsheet,
fbee128b7c0044bf,0.006,,gsheet,
fc15e20240e121ff,0.001,,gsheet,
fc2c141621d0bf5b,1,,,
fc483d6fe5d88b9c,2.0,,gsheet,
fc4b1421a0fe8f6f,14.4,,gsheet,
fc6045b33466bc8c,8.5,,gsheet,
fcd5d8a099f5d74d,0.2,,gsheet,
fd63fb391902aae4,33.8,,gsheet,
fe21beb52632cc14,1.2,,gsheet,
fe2d740b4414d70f,71.8,,,
fe6a6b73395b5cd4,91.6,,gsheet,
fe81c1e320933ee8,11.3,,gsheet,
fe84a8338b2eb08c,0.6,,gsheet,
fe95347c1603e572,62.5,,,
ff1ec04ecd0d4f74,4.3,,gsheet,
ff82e202f761711d,0.024,,gsheet,
ffb0a3ebcb75420c,2,,,
